,0,1,2,3,4,5,6,7,8,9,10,11,12,13,14,15,16,17,18,19,20,21,22,23,24,25,26,27,28,29,30,31,32,33,34,35,36,37,38,39,40,41,42,43,44,45,46,47,48,49,50,51,52,53,54,55,56,57,58,59,60,61,62,63
0,0.00040305016731425735,6.90094700287145e-06,0.0,0.0,2.0873600085860455e-07,0.00012621597030185096,0.0008921546135213417,0.00010578163254666848,0.0,5.208271554105547e-07,0.0001830540031159345,0.0015384395541847941,0.0004898988719310404,0.00014398615038608138,0.0008869734588727162,9.705135826111784e-05,0.00017333386993964402,0.0012384729678295275,0.0005395954974506955,3.182613847296128e-05,0.00059027485203988,0.00048416583086238713,6.781501192353019e-06,0.0,0.0,5.386825010805368e-06,7.418228050071519e-05,1.7120341097927862e-05,2.3345629373628478e-05,0.0009700538984466078,0.0009267883096704067,1.9503566840355323e-05,4.089053513065602e-06,0.0004239740050031147,0.0012300385884775845,0.00028136713099963104,2.0605422670724303e-06,0.0,1.4951293604425042e-05,0.0005207326799851354,0.00030452373437036184,2.9909742086137345e-06,0.0,0.0,8.007001729625191e-09,4.252776887630108e-07,3.781569413372224e-07,5.629188659992148e-09,5.636884044007433e-06,0.000616039036839827,0.0015050028633721833,8.598881312642487e-05,0.0,0.0,5.013482057308807e-06,0.00043577285252486447,0.0006359892913420958,1.5580101235494715e-05,0.0,6.660744134836777e-07,0.00018468226503703467,0.0008676188235018287,0.00036308847031609143,0.0008114152656876617
1,0.0005143191879318173,1.0036228219890108e-05,5.16907562263884e-08,0.0,1.0029888739765517e-07,0.00012370336065857851,0.0008923186281915946,0.00010816314320997444,0.0,5.208271554105547e-07,0.0001848891940762064,0.0015567721695212457,0.0004716307195798009,0.00015162208147014594,0.000884996391157043,9.205675087302064e-05,0.00017443213858802452,0.0013388507402966611,0.0008220132663771644,0.0009310618398005468,0.0008307935081218723,0.0004404601678171362,5.139262426261724e-06,0.0,0.0,6.389790111690657e-05,0.000866938722055344,0.0002470311239322835,3.905492455321129e-05,0.0011943453607507436,0.0009472202890641118,1.800817126272924e-05,3.683426562297259e-06,0.0004118198498915908,0.0014090666624233228,0.00036789983790351153,2.8012560752404974e-06,0.0,1.556803664056138e-05,0.0006320496643039356,0.00043936572490881027,5.218762792730099e-06,0.0,0.0,4.0862266305359146e-06,0.00021703267663431924,0.0001929854665195006,2.872753296113929e-06,5.43903462345221e-06,0.0005919969163347633,0.0015185642669207585,9.892437988040678e-05,0.0,0.0,5.667976046719319e-06,0.0004551785656377664,0.0006164987194427379,1.4104644119583797e-05,4.344957477426081e-08,7.256436597359128e-07,0.00018987618774798893,0.0008634849687503011,0.00034368472111434047,0.0008314613701459794
2,0.0008299272837934496,0.00036401381339417585,2.0022701895661444e-05,9.204451635083725e-07,2.1931085009757823e-07,0.00012652937606669125,0.0008920845592196231,0.00010552432326054042,0.0,5.208271554105547e-07,0.0001820547229198305,0.0015284572581485305,0.0005004519746619091,0.0002700126104953619,0.0012372689052423374,9.756381610721797e-05,0.00017699354444087042,0.0013503014559585714,0.0009861973951248966,0.0016358825422398827,0.0009175435530103877,0.0004451195941075584,5.298036502137909e-06,4.144520689009452e-11,1.4666900924515631e-08,7.090951090892764e-05,0.0013047952114383892,0.0007650761474944617,5.081145609357728e-05,0.001186728247468501,0.0009548805432484966,1.9294122064636694e-05,3.464276262729933e-06,0.00040336756040184354,0.0014272163951701035,0.0003606636431040842,2.7221093667433536e-06,1.1613259358681497e-08,1.7516570752553895e-05,0.0006537524726605646,0.00041798727909135667,4.585155790792641e-06,0.0,0.0,1.0623859717507147e-05,0.0005642674572789663,0.0005017466501978999,7.468926905044897e-06,5.431222030414105e-06,0.0006018290348202085,0.0015149830771526767,9.175106849509826e-05,0.0,0.0,5.954100015405043e-06,0.00046388651729871563,0.0006081252975872872,6.235680249657405e-05,0.00010809379863992391,3.678792877198793e-05,0.0003257409454541076,0.0008619989750924257,0.0003472675581232231,0.0008219138973190562
3,0.001012900307588294,0.0014828107022908437,0.0005044488339217765,0.0001634533846963017,1.5424257514891289e-06,0.00012247719938676495,0.000893636988366545,0.00011175136858008401,0.0,5.208271554105547e-07,0.00018198890823598092,0.001527799803252215,0.0005015530496042098,0.000382950464809862,0.0017216381569543108,0.00013255480533049853,0.00014294106759256314,0.0013418413773735986,0.0010204063719571285,0.0016516345542464377,0.0009078765028861614,0.00045838779357373633,5.786188024860867e-06,7.582720706059822e-08,2.660420092430327e-05,0.00022746418813347698,0.0013441998621743848,0.0007958990668424021,5.137947554443637e-05,0.0011935037483976141,0.0009481636496300415,1.8504707000768054e-05,3.6406454091012884e-06,0.0004106027048678422,0.0014208943434922236,0.0003825136595888061,0.00016056188619777332,2.0903172280136425e-05,2.028409215031636e-05,0.0006847045003144565,0.00038711356459512057,3.6658313576383264e-06,0.0,0.0,1.0678404501695313e-05,0.000567164506703571,0.0005043227066858333,7.507273703382369e-06,1.0667975277176101e-05,0.0007335092661073499,0.0015714497225902046,9.310321815902956e-05,0.0,0.0,5.168780766696402e-06,0.0004403592348993692,0.0006341688911558909,0.0003503349154224082,0.0006907605263950826,0.00022706515125769125,0.0009874194906217353,0.0009292774302938572,0.0003734383072821568,0.0008058728636528107
4,0.0010943830919132795,0.0016832186000977547,0.0009437204220685395,0.0003206144710781795,3.651353115108615e-05,0.0005933039959281168,0.0009857290732747887,9.554423211672346e-05,0.0,5.208271554105547e-07,0.0001836709568861941,0.0015557365766577093,0.0005199445501336736,0.00039504772308567384,0.0017110925266346352,0.0001346201706385899,0.00013885904402857958,0.0013227588007188166,0.001140522805758578,0.0017798149337620482,0.00091835652179214,0.0004497945712856785,5.555852412290305e-06,1.3462519958582715e-05,0.00017933528456357965,0.0009266515077563346,0.001420760658835419,0.0007872896563409624,4.929037335402662e-05,0.0011922735159023991,0.0009960430985620104,2.0498848737306262e-05,2.816212558662392e-06,0.0003771843730589279,0.001584843824006155,0.0008991772050655239,0.0008911083775677888,0.0001141760788807231,2.0312342343242226e-05,0.000685020451169751,0.00038679841314170736,3.6564471148935103e-06,0.0,3.969560953422924e-11,1.0700173204589142e-05,0.0005673221976454787,0.0005043422090771748,7.562149314034977e-06,3.400531390730868e-05,0.0013157887828563772,0.0018301297149455218,9.884957610530242e-05,1.3346803513041156e-08,1.5464655442217164e-07,4.889428534543173e-06,0.0004310737479910649,0.0006445793850515741,0.0004071676390624969,0.0006811760387990886,0.00023055821315489349,0.001359722138491053,0.0011639599801166755,0.0003494360485740217,0.0008374769462688096
5,0.001060604879531082,0.0018611704031907378,0.0010053078370382878,0.00033336428016229343,6.200876915689436e-05,0.000987616920476217,0.0010998462926315113,0.00014585779555361848,8.077839616810636e-06,5.447802529324941e-07,0.00018524843479086846,0.0017803157410966623,0.0011607194351129328,0.00040496672712583175,0.0017184140966674953,0.00015025160346133186,0.0001588126682679767,0.0013717289991264947,0.0014671187732663207,0.0022603254662509637,0.0008839466575034724,0.0004942934220236863,8.797914599911016e-06,0.0002577337886420901,0.0008075296443687646,0.000981258799922754,0.0014310969581925181,0.000836982802123139,5.3540272893952016e-05,0.0015939342228075814,0.0014634569965657606,2.81793410530604e-05,3.6244831251510788e-06,0.0004131986554517659,0.0016537371369283846,0.0013018777670429338,0.0009501356556749869,0.00011834447097521848,1.859161914532581e-05,0.0006657758404326262,0.00040599433219854766,4.22804265154192e-06,0.0,5.3241136020073474e-08,3.9875348076815973e-05,0.0007786650979717437,0.0005305284178325261,8.368436325415751e-05,0.00021270646490835355,0.0013635794763856776,0.0018288942756468744,9.564853513296377e-05,1.7998611272548315e-05,0.00020759693084315635,4.532876424607021e-05,0.0004323897340943728,0.0006430010410743424,0.0003899958933766842,0.0006983184784916988,0.0002601791206109367,0.0016616425846626604,0.0013513281154163355,0.0003360280524014298,0.0008487908372456353
6,0.0018878089650037487,0.002430327026109444,0.001277081222065481,0.00031359437876821996,5.856989631756543e-05,0.0009804562085390799,0.0015028629037631695,0.001220262308480693,0.0001446905536817612,9.34344322873997e-07,0.00018397580361626317,0.001805338985007179,0.0012920451163318746,0.0004087793397334052,0.0017214756932232818,0.00014993280292237467,0.0001566831302602964,0.001500654737787689,0.0022338592281932993,0.0023331408427701155,0.0009060896710920135,0.0004703479113947888,7.66255547108423e-06,0.0002598917623293145,0.0009666269901888561,0.0010066416998623338,0.0017414705318963008,0.0014163899225139746,7.512393875120656e-05,0.0016721683287052283,0.001541666337461034,2.982471277882691e-05,9.185130102852097e-06,0.000751202755957332,0.001956369170020537,0.0013215915435913876,0.0009515272959830572,0.00011834447097521848,1.5121353655412763e-05,0.0006279393304461638,0.00048295500491691884,3.0548074846126434e-05,2.7776329979894405e-07,2.2040324320996647e-07,0.0001315454921864653,0.0014427171289983953,0.0006130677323947101,0.0003372735368182427,0.0007556118124853769,0.0013712762161766923,0.001840406379832512,9.87820745772276e-05,0.00019600764053938737,0.001079148281352795,0.0004021254524791103,0.0004562144748235294,0.0006348134533937399,0.0003731923149777705,0.0007144057707241168,0.00026107394864752735,0.0016454624579348614,0.0013660083451970562,0.00036411174156716615,0.0008255938926573284
7,0.0018941386042085485,0.002466045481747031,0.0012520696320899255,0.0003403015654360025,6.0018694780116666e-05,0.0009781083662582586,0.0017013409592850515,0.0016190892890137047,0.000170043641498446,9.887827184750573e-07,0.00018512130139278508,0.0018167970929732836,0.001280859531983942,0.00042645822548047034,0.0017053901080538137,0.000145367522960683,0.00017256858960974385,0.001505791373181988,0.0023165435153913545,0.0023583335700699455,0.0009106552043500064,0.0004683805907213707,7.769979362565544e-06,0.0003202828292987483,0.0019442938577797185,0.0014263480752239072,0.0017893960339035776,0.001492180711956489,7.742537221959144e-05,0.001681205459713101,0.0015326028494372246,2.9414415260277302e-05,1.1623437671254645e-05,0.0009182335244735541,0.002204299733327234,0.0013244500071179846,0.0009495884698269375,0.00011839163246221968,2.0184019864125944e-05,0.0006998751478304839,0.000991862045378815,0.0003794815884456894,3.9307851684683975e-06,2.24731431034264e-07,0.00013391903011474867,0.001459910869635588,0.0006150153998986962,0.0003341741080702479,0.0007792451584770817,0.0013709510118257672,0.0018393168134725193,0.00010689868162435606,0.0005403540781681326,0.001654300885126896,0.001044350801654727,0.0006089547900540405,0.0008571588797917002,0.00036095852289186363,0.0007377952695156052,0.00025007206358541016,0.0016625472538567823,0.001367278847493434,0.00034406833229307576,0.0008443680347274378
8,0.0020533723009645193,0.0024534591450668945,0.0012354971684422052,0.0003480927446589258,6.17819777227657e-05,0.0009872155941062408,0.0020415309290967676,0.0022044851531787288,0.0002534263598270054,2.7269832130587935e-05,0.0001853530533956876,0.0018173613500203677,0.0012801839428984347,0.0004168565169029136,0.0017149584121954422,0.0001469170161870613,0.00015201897945582642,0.001534474823951659,0.002313561553504945,0.002351303591153636,0.0008752116805105638,0.0005040007245008427,1.6990987253145783e-05,0.0003524573755270577,0.0029368698267005803,0.0019102390827464802,0.0017978780031973846,0.001570374616717692,9.414011135674456e-05,0.0016758322596057485,0.001538191085193239,3.099452211842735e-05,1.2864314047565608e-05,0.0009592463476713881,0.002132435486272819,0.0013724256998074473,0.0012539767977056307,0.0001719821657661089,1.7551580264427208e-05,0.0006705097515942703,0.0011195923365282608,0.0004683238166652997,5.207955926746248e-06,2.24731431034264e-07,0.00013391903011474867,0.001459910869635588,0.0006149543475515685,0.0003304172509174325,0.0007825809239568565,0.0013630263490391795,0.0018483811528569828,0.00010711298581579904,0.0005398762644291977,0.001685899468522871,0.001112587618748379,0.0008907762436166169,0.0020178561863465946,0.000502204286093949,0.0007374663594521408,0.0002639041018589744,0.0016588064562630188,0.0013575307194426455,0.00035561329733664994,0.0008278817504069877
9,0.0021978792521178563,0.0024536920659369564,0.0012781101819046884,0.0003208776123224976,0.000163931368354059,0.0012965749598026557,0.002082327182435614,0.0022710813297740673,0.0009067600456077846,0.00029842119404821716,0.00019877864351537102,0.0018084493604469591,0.0012895058867345168,0.0004291310490636437,0.0017077211873954604,0.0001409469464698783,0.00016431653667130678,0.0015241339585422451,0.0023150029686553283,0.0023487215282499653,0.0008703663765625216,0.0005260523903076352,0.0005357643203053348,0.0006400734731352968,0.0031110803141733544,0.002020564317028212,0.0018578134778144207,0.0023839693606660097,0.000306928650739852,0.0017163669930284472,0.0018925369103053049,9.920680113543132e-05,2.1628489001547354e-05,0.0009587848401594261,0.002179528790246216,0.0014141768101051024,0.001826320907750898,0.0002676722719822984,1.7643698089279132e-05,0.0006787745208474457,0.0016032711390941107,0.0009017768025834784,1.2024563004780568e-05,2.24731431034264e-07,0.00013391903011474867,0.001459910869635588,0.0006151898688347276,0.0003432331929292932,0.0007751724521944019,0.00138908703049769,0.0018397153082460858,0.00010338860986010863,0.0005503461166181202,0.0016988451919059079,0.0017851657574143942,0.001194133104101325,0.0027112577497506313,0.0009271862849301141,0.0007125365999502033,0.0002582821382685217,0.0016565785560517764,0.0013598776197452868,0.00038926737316725025,0.0007925315639251999
10,0.0023031356992704597,0.002479833526425139,0.0015971378352949033,0.0004647899914065371,0.0005223612939965665,0.0017598954135235039,0.0020724964687344515,0.0022895938933071556,0.0009534725064070377,0.0006478622120341653,0.0006662949066606613,0.001838048900375865,0.0012735191870976003,0.0004050929902068859,0.0017279872560593008,0.00017840146015764312,0.0005437320913878447,0.0015922806203420457,0.0023315222361050742,0.0023342443894375734,0.0008673138989542756,0.0005354508923196317,0.0007459352632426464,0.0007016581811570495,0.003139140354957032,0.00201402375383746,0.0018841704975323973,0.002919375008973566,0.0007958708858658405,0.00245846908712707,0.0025058292843211103,0.0006713008587672421,0.00034777501420266306,0.001070512512079428,0.0028390775811947527,0.0014923755570728052,0.001844880566094836,0.0002514348463615975,1.847274659509642e-05,0.0006880807136070749,0.0016123470900426132,0.0009460228443457123,1.3015676172811837e-05,2.24731431034264e-07,0.00013391903011474867,0.001459910869635588,0.0006149095584193929,0.00032937591039320816,0.0009842688171884655,0.001994771268617247,0.0018659001660827111,0.00010325479705206942,0.000534731755578623,0.0017348438075489806,0.0023943054211619996,0.0014379152930981817,0.0029184436756537306,0.00102431011632556,0.000744344430137702,0.00025070783506636705,0.0016666750884593191,0.0013643557860939007,0.0003714580285246016,0.0008135965390292829
11,0.0022356841403503728,0.0025079404022891674,0.002101342040776139,0.0006209817444608997,0.0012083710771424374,0.0019022356977816176,0.0020934890312159947,0.0023461453199492563,0.0010927172588499655,0.000740064562658462,0.0008772949590180591,0.0021893371450410677,0.0015940780804828305,0.00042842167747928454,0.0017175478301531856,0.00021231281441559126,0.0010382624910271968,0.0016922435961894359,0.002328381504945771,0.0023372289305971595,0.000869707353832864,0.0005315046590774772,0.0007354589070630451,0.0007111393187498503,0.0031490101600986833,0.0020136639786953892,0.001910551851636039,0.002923510452644224,0.0008333261457533221,0.0026835413370538065,0.0025371774412739335,0.000825856921535433,0.00044604912979430964,0.0011380087656410998,0.0031087877398982295,0.0015996620412014953,0.0018403473786693203,0.0002668583179260878,1.8435626111888822e-05,0.0006868557182727519,0.0015940384219202447,0.0009995604644697897,1.9203886421425796e-05,2.3722615933210743e-07,0.00013391903011474867,0.001459910869635588,0.0006156882518808988,0.00035782249465044104,0.001043497574830744,0.002236020200204845,0.002027233421223178,0.00011183704898751957,0.0005499229368729989,0.0017331132353495746,0.002537377566970815,0.001549218507471208,0.003243234576682761,0.0016776142895118997,0.0007901501748480038,0.00026037218856300867,0.0016668454662074057,0.001415465062620152,0.0008277275871123747,0.0009035798561803005
12,0.0027007290516696133,0.002511497136329539,0.002087630844191887,0.0006380923782221767,0.0012676414020839448,0.0019121855978398027,0.002094705849475918,0.002555342831443255,0.0017031685474959883,0.0007570102977391294,0.0011003448682529128,0.003461647702981425,0.002127468971297024,0.00042836787110984726,0.0017185751152193575,0.00022601596195049778,0.0010556773507632887,0.0016500205963718175,0.0023482364900668288,0.002346337770701589,0.0008901058200067474,0.0005103998553263797,0.0007213248991135286,0.0007369500633447664,0.0031528379451735526,0.0019984207778220874,0.0018963603053443487,0.0029027453209090493,0.0008954128352037577,0.002870091145881287,0.002557551332426627,0.0008431340529790696,0.0004350335721116608,0.0011336700326049056,0.003531640666155647,0.0020399018223618472,0.001848828053314803,0.0002617615571827775,1.7586181176806123e-05,0.0006747246301795985,0.0016836057055594773,0.0016982217471472215,0.00012786543137714804,5.220638735345438e-07,0.00013391903011474867,0.001459910869635588,0.0006314476335419014,0.0009010235600577,0.001364068968990307,0.0024542609695261943,0.0026763399178238493,0.0001449692742239856,0.0005174420460675446,0.001767840952574345,0.0025486516344492586,0.0015329218674401141,0.003470872625485184,0.0027029744607378714,0.0012267003384675657,0.00028845750624308905,0.001667302673020969,0.0015030172851928873,0.0018704922610600773,0.0021603722408734933
13,0.0018632209669676653,0.002505611979954335,0.00212914412669004,0.0006097384002170911,0.0012712506417151964,0.0018882830866740383,0.0021013436642890876,0.002584335214329245,0.0017307595388266965,0.0009143553024781796,0.001566744312786854,0.003807106904257417,0.0023428009034493795,0.00041916218428746175,0.001738692681029493,0.00022338533771126275,0.0010165884924702082,0.0017137451234750926,0.002335379413250263,0.0023427940550339353,0.0008701256932111203,0.0006224895828388955,0.0008835074093166313,0.0007454750523396761,0.0034696819645545452,0.002866297747365708,0.0019414499748632063,0.0029508159370131995,0.0009299375184614559,0.003556499270254753,0.0026771046720924134,0.000822938525091492,0.0008609547395971995,0.0013456631347867588,0.003594527660821606,0.0022524850502063467,0.0018750747808171492,0.00036926820737412093,0.00016813584827605666,0.0007176979085351567,0.001680629168278209,0.001841040036480398,0.00015148815828644818,5.848815591926446e-07,0.00013391903011474867,0.001459910869635588,0.0006352130607538823,0.00103509767778518,0.0014032071356019017,0.0025074693270294565,0.00343656870902325,0.0002989664698553165,0.0005340586438264299,0.0017615615226417376,0.0025509645201223377,0.0015082415036002392,0.0035531880001368294,0.002883773503337072,0.001702052224267824,0.000973526972822593,0.0017190938583297468,0.0015093206803188466,0.00205452825951737,0.003322130094239575
14,0.001812616224406604,0.002582455886702559,0.002617654286222471,0.0007213897311877791,0.0013074630366780326,0.0019200507075975322,0.002181992215775918,0.00312254431818892,0.0018029978149058678,0.0011474786559563935,0.002083882429969189,0.0038451806194344266,0.002326552929910393,0.0005688578090327208,0.0022335440689255077,0.00026102957903709233,0.0011067464679342573,0.0021706146161568347,0.0025277768771723367,0.00234394885532504,0.0008997031655168033,0.0008491321384652111,0.00142421167780047,0.0007620651370778481,0.0037465088267337773,0.0035022761000808545,0.002031106062529795,0.0029355265095896304,0.0009675807908337268,0.0035553193940920623,0.002714728696389705,0.0008086387998837403,0.0011847649335627916,0.0014856896959116361,0.003752314090227163,0.0028900223081961543,0.0019271787028905887,0.0006972646970905493,0.0006490266769502292,0.001091338578980287,0.001966994744804009,0.0018496042163978382,0.000154164969792096,5.974201391254244e-07,0.00013391903011474867,0.0014599253500261482,0.0006369465461934968,0.0010270180664769609,0.001414452899131185,0.0025585142787153733,0.003507185755586918,0.00033603966794925314,0.0005511278187487408,0.0017223851747517425,0.0025682889638029916,0.0017544538357545832,0.0035434777570181476,0.0031570896772599097,0.00218308173099246,0.0011401164078936948,0.0017274681107579165,0.0014855731553458699,0.00236306242804421,0.00409006276934717
15,0.0019989777484068646,0.0026397811923576575,0.0029651657590393787,0.0007678404043112331,0.001855897040992234,0.0022919686421104157,0.002240455868233244,0.003472104520148277,0.0018258928806663532,0.0015102336379081754,0.0024908264603309424,0.003827715631238067,0.0023543268726545184,0.0007327080094628183,0.0024997805368330802,0.0002916199683972383,0.0017831264346130113,0.0026915524871310628,0.0026579797626905583,0.0023526802103910403,0.0009402419428713272,0.0008891086714560194,0.0014381975775893535,0.0007755214950508785,0.0037761143303625963,0.004042988305122012,0.0024641619334722525,0.0032726058761793943,0.0021973326922982294,0.0036773877709908565,0.0027267408268778996,0.0008508650936069116,0.0011649230699680249,0.0014792121761763623,0.003761310144797769,0.002903330113158247,0.0019289363948889308,0.000683426723998169,0.0006875427019113874,0.001295095810885623,0.0021777994787674695,0.0018668011819887123,0.0001379122983845983,3.6807426925197606e-07,0.00013391903011474867,0.0014615193078295354,0.0008529122860044297,0.0015262556981098625,0.0014277453872406033,0.0025225704792587564,0.0035498798096829866,0.00032979792625422203,0.0005510337777432882,0.0017308798611718563,0.002638379031888262,0.002388286080826637,0.0037771046146355732,0.003472560762978524,0.0025562509111895014,0.0011530912851880233,0.0019329574993152522,0.0019826833906873577,0.0023950461519781805,0.004218658986443403
16,0.0019165046491164462,0.0035975436876687105,0.003283757909302558,0.0007936333867608515,0.0021860764468619362,0.002514968208212162,0.002236281519009361,0.0034862054766006275,0.0018239608051166482,0.0014763016412149307,0.0025830345132388556,0.004122352627787802,0.0024472223613234206,0.0013726526162677367,0.0025932413640449158,0.00028595718847507305,0.0018664318657446992,0.002786986207537544,0.0025875336232885973,0.002351568156205723,0.001382894310535707,0.001417191937654153,0.0014655252936354357,0.0013431288102536366,0.0039258934691491654,0.004827942839550843,0.0027995185227405765,0.003350426660105054,0.0025329981645066026,0.003748589715544438,0.002739867393530568,0.0008771544065852929,0.0011563629597819895,0.001466158424833698,0.0037153007969283496,0.002948004154435748,0.0019457147136613955,0.0006589065416805856,0.0007012121355170272,0.0012652427944977796,0.0021676965710918606,0.001900615872061751,0.00014579564036758095,4.488647473785729e-07,0.00013395204879737332,0.0014744532192748937,0.001030805275124538,0.0018084979468421,0.0014332877119744131,0.0025114303754659533,0.0035275522462407437,0.00035025613862085434,0.0005525347881949678,0.0017465944857060025,0.002816487913668788,0.003540306422875909,0.004233669378132958,0.004201465505236132,0.0026319610611949397,0.001149440679908185,0.002080883391878879,0.002299829766902085,0.0024457840034155308,0.004778024833141905
17,0.0026998994522665423,0.004557155220219019,0.003814878480305312,0.0008756391139088496,0.0028898904739111967,0.00405107623553903,0.0025787305730168996,0.0034570304244221405,0.0018509167059644967,0.0015473246837839731,0.003006066507431591,0.004811103205540331,0.0024728875093364927,0.0017410398275657388,0.002655605626501874,0.00027931084957438915,0.0018572310902703114,0.002769550598515446,0.0026084560887075286,0.0026424060137460164,0.0015302414774562142,0.0014093489693923354,0.001575289037402854,0.0015952221550360674,0.0039973077579994925,0.004781492560463181,0.002871710223222073,0.003335353240197606,0.0025282548444734475,0.003740901565637087,0.0028774576175789298,0.0015008402577146888,0.0012198814843898133,0.001466123672609881,0.0037285247715765422,0.0029631381012510476,0.0020823944387705177,0.0007651787364352234,0.0006819723884931636,0.0013114268277053865,0.002167817876847451,0.001865521090340762,0.00013510705146186356,3.2888363991243997e-07,0.00013428220085810716,0.0015967029950530848,0.001784670848726789,0.0018686715085961699,0.0017067588542539307,0.002710212416614753,0.003486903681082395,0.00036411313411161515,0.0006542380634152582,0.002053134772514282,0.0029367286503622306,0.0038232957272645637,0.004355545741981912,0.00447478044900226,0.004034569552407994,0.0013312153487985527,0.0024564702679769897,0.0030286116106134704,0.002655147216189946,0.004702087095057612
18,0.0022812585689201874,0.0053177749534680345,0.003998361463906855,0.0012101856244866687,0.0035809577309646075,0.004313210317897498,0.00260597879759587,0.003607622923196834,0.0024917460551440868,0.0018222629903311685,0.0035872149945394144,0.004897687492937491,0.0026031119312033605,0.0025542621567520205,0.0028432460123164367,0.00028598025975341346,0.0018892986789640054,0.0027082025486459722,0.0026539696360003773,0.003110554407834487,0.0017354289007438734,0.001746609573835952,0.0017070993714227187,0.001624952067618385,0.003998795062282562,0.0048164000167418754,0.0028212788290552506,0.003444706060984739,0.0035298154184603267,0.003972377411358587,0.002912588022748879,0.0017306057830445997,0.0012608748097933046,0.0014943484499866776,0.003709727159227576,0.003166310280717381,0.003245680152694752,0.0013819679950330165,0.000686811063135854,0.0017034684905360101,0.00280189354968382,0.0019194485138428995,0.00014958827086740167,5.22559107414624e-07,0.00013437872804485137,0.0016175794856715016,0.0018580068919624658,0.0018753054082204723,0.0020945805841041214,0.0029156796026822414,0.0035597682944790527,0.00036507039600389726,0.0008941131278251302,0.003072871450573766,0.003327701725516048,0.004042254223282677,0.00503048833962928,0.005299490416625826,0.004568385619125663,0.0013743585064891445,0.0025182123901385904,0.0033151699562639454,0.0030377307714068505,0.005057404823235155
19,0.0025711384904253936,0.005353467961562153,0.0043899390464940055,0.002003476098274696,0.0036828589103565677,0.004295812592185379,0.002659907099606267,0.003645116216594186,0.0028059171042784875,0.0026245962231278416,0.003997838332913838,0.006042560786060384,0.003148468726776636,0.003064156191734356,0.0032644814717893876,0.00027992931428798685,0.0018291932398818121,0.0027866943571824296,0.002642435464743886,0.003130186184978557,0.0019370482928266425,0.002750461701127047,0.0019460347531127103,0.0017592759466370559,0.004692751057641997,0.004822332987692572,0.002852536130957766,0.003492886850051128,0.004248045953029201,0.004121724565132226,0.0028938547392387873,0.001738323252539546,0.0012884982438396589,0.0014951778520056187,0.004130357433604156,0.0035134980968587037,0.00390912460359997,0.0015433779869001422,0.00111996987537229,0.0023007823985411865,0.004175417440948233,0.0021142608756552464,0.00014852293643545741,5.29217750892242e-07,0.0001344550483072355,0.001629705407397718,0.0018340628378241232,0.0019122113004631865,0.0028169044300663665,0.0030396973831920094,0.003563219481493266,0.00036176380172989403,0.00135847480779609,0.0036183063506089012,0.0035993022055772718,0.004785256219351535,0.0051809974265750874,0.005540408397296529,0.0050173385650058655,0.0016003567072115131,0.0026908363437252395,0.0033375385693211338,0.0030408673899199505,0.005328566695114045
20,0.0022672526336136468,0.005559876247155538,0.005192900363762127,0.002992841075139148,0.004179392847393615,0.00463097426930644,0.002690252131807033,0.003589659521971665,0.0031762147558984074,0.003175318284794509,0.0041022874073481505,0.007037982794036734,0.0037132718932642106,0.003365430015578264,0.0033150986986429155,0.0002852663197434558,0.0018253351096199797,0.0027937035281289622,0.002638936188859075,0.0031011996115266815,0.0020521581539969377,0.0029266528162480527,0.002054264903184307,0.0019030422918078123,0.004885406303444544,0.004906201720999712,0.0028089052044607656,0.0035000071043818286,0.004252645348884735,0.004302139323657168,0.0030719961860238305,0.002162783736410832,0.0012632532356789915,0.0015733445425587676,0.004592304669023533,0.003761452429081145,0.004004465941812257,0.0016523294247258787,0.0015896485958238364,0.0023456444277339668,0.004193696175557173,0.0021462640956164806,0.00014693639409561553,4.7113155177002423e-07,0.00013440496075037007,0.0016216096012331034,0.0018399739731596925,0.001953611487388778,0.002979199037846554,0.0030696316261272913,0.0035582974765710467,0.00036949580930288985,0.001383231148173855,0.0036583153472156144,0.0036118916991730206,0.004993823224909658,0.005473194042553921,0.00546429273795645,0.00584714824125826,0.0022935695088258873,0.00342393299625029,0.00344896910434763,0.003060485787869655,0.004843560917170085
21,0.0022512747268106123,0.005481526331166607,0.005876876759600769,0.004068949965729934,0.004506809826902649,0.00485901481363179,0.002731609305881838,0.0035810721568803033,0.0032354263633309023,0.0031428954510608065,0.004156802884927046,0.007050763697088255,0.003981744483911354,0.00391303240623942,0.003869276220871129,0.00030200595087988833,0.0018516473343632794,0.00277487465892023,0.0027177680747777124,0.00376268642555293,0.002242198273017124,0.0031554746737349638,0.00304918494741333,0.0024226842524153183,0.004921123362732791,0.004856740128613336,0.002836909145277176,0.003988061225629822,0.004799796077524791,0.005188619299018371,0.0033642775432146596,0.0025296792787818795,0.0013324930520139905,0.0020142576858681975,0.004764187967043899,0.004277250237692917,0.004431048334014177,0.0021864928357479925,0.001637840714653609,0.002385149145490214,0.0042078983358198666,0.002145544859407275,0.00014734910643774362,4.7115939027537613e-07,0.00013437446923768857,0.0016354305429684963,0.0020720940320763884,0.0019586374473346234,0.0029606187341269705,0.003185358134022222,0.0035254767239972437,0.0003487529613105337,0.0014145074529683828,0.003661488572040186,0.0037069328810971323,0.005592765721276952,0.006127302273654498,0.00595391734327098,0.00632476624446307,0.002456568497191978,0.003418095381288036,0.0034881666896905642,0.003064250676259211,0.004788297475696354
22,0.0022317635147658865,0.00575207728300419,0.006028982329644789,0.00410635455369053,0.004542398030794805,0.004873067989603687,0.003062439577460364,0.003872691270696776,0.0032268725326257074,0.0031890806539765465,0.0041531599283167325,0.007076538024305369,0.003980211888708859,0.003994040232100068,0.003963731888721515,0.0002933235428520834,0.001826686532284307,0.0027593978384564824,0.002861051263189123,0.004690828163350945,0.002532963808064689,0.0037793761520387064,0.0034955789521569284,0.00248488582232464,0.004906620535381788,0.004830833941445389,0.002868060098273737,0.0043656517674804,0.0052067855991610465,0.005405071210298821,0.003674979156567594,0.0025639905997514147,0.0015276069620790203,0.0027252121190810656,0.00531473092422868,0.0044391618025858585,0.005202046919347716,0.0026008562880718723,0.001764680359833383,0.0030180762157704477,0.004511054763023512,0.0021629567891742023,0.0001604480679986366,5.816658747626155e-07,0.00013429251300110085,0.0016659672422641657,0.0029893265185449887,0.002755434372688187,0.00308221998795184,0.0030730136927713384,0.0035602014769089696,0.000944214928887913,0.0023202497796752323,0.0038860523336154834,0.0044524821939656,0.005748260483986989,0.006221473782677971,0.0066667811789273635,0.006792416321717853,0.002599171718005756,0.003431997323229577,0.0034711858045443607,0.003055548480972832,0.004367243281647352
23,0.0028730122926946544,0.007011085792559843,0.006360686597134458,0.004062985467597033,0.004524444605008274,0.004923281366744534,0.003290083870003157,0.004080542094039623,0.0035973105727693565,0.003979858321043356,0.004655152353782501,0.007353603903394107,0.004544288170641287,0.004186986754184166,0.003962507016561919,0.00035038263796637135,0.0021230717471550794,0.0028547001760979946,0.003420657566955224,0.004742274481964119,0.0025787927673883593,0.004310724948612488,0.003939712152882577,0.003293645585707122,0.005071782016853904,0.004862802934343013,0.003286587373667095,0.004947193656826559,0.005948181302235343,0.006237754838445145,0.005265028534781861,0.003229374323789467,0.0020052268404588645,0.0032024208191034974,0.005922612067748397,0.004988047311496721,0.005615270932534859,0.0026274344999573686,0.0019036582476655395,0.0036744319900113833,0.0046510508498669055,0.0029035455706145257,0.0003244844889791847,1.2028875897434702e-06,0.0001358124496088537,0.0018164934686732185,0.003404673275825357,0.0035991273859591467,0.003191033975407303,0.003118428644314326,0.0035530875787373956,0.0011213274537791315,0.003432845219381315,0.0046490377294794265,0.004626042321659115,0.005805548432247877,0.006120529161031429,0.006880844758724732,0.006766659494055719,0.0026255684959614815,0.0034386996198896153,0.0034611886070741575,0.003009939764034828,0.004942000050947616
24,0.0026660310846313485,0.007096326663101998,0.006404482017132395,0.004108412666184619,0.004571961305467887,0.00480237326112536,0.0033657077878638413,0.0048278474878014266,0.004437491935689384,0.0043251469937515006,0.004681244419305682,0.008047568680117488,0.006057910736174892,0.005804722772847923,0.004513868780630066,0.00047696865291409565,0.0027283892075861058,0.003263816408066471,0.0037956606516580563,0.004839897890852217,0.0027385597407531726,0.005217772762099704,0.004804053072273562,0.004247560360961464,0.005356441739717272,0.0049372479943744435,0.004237295280129594,0.006486954069205311,0.006891620539178663,0.006534971334906383,0.005500092462166364,0.0035001185668584803,0.002064905433498342,0.0030920743238696392,0.0070092496536257945,0.006227001947167216,0.006434730284122224,0.0030355173371841857,0.0026025953778311363,0.004091032921987872,0.004790270261570003,0.003267672890184712,0.00034999214826328504,1.0683157735195348e-06,0.0001455307719333136,0.002204976669580147,0.0038789463599729805,0.0036062008553674773,0.0032217236082870836,0.0033215898078323433,0.0040870385858563325,0.001167080183963627,0.004105117232524667,0.00561666458173991,0.0047608647424447325,0.005820879148457109,0.00632229357086361,0.006785208403500168,0.0067904681015731735,0.0028486309808262934,0.0039157914815027995,0.0034740320777872963,0.0030859221827710206,0.005670011082860803
25,0.003177119468856445,0.007131946135739992,0.006762857713872717,0.004208360383286949,0.004514610696832948,0.0049579862761131065,0.0034170386514344796,0.0056683032101827995,0.005739092137719661,0.004420734392909792,0.004698710217391022,0.008013180334728823,0.006327681315385017,0.006889414238294844,0.004773159375230044,0.00046931025708577424,0.002833832423084075,0.003958454575711037,0.003906897789155439,0.004947053559845493,0.0027110300420250992,0.005224232598854313,0.005156719622852697,0.004288730832904983,0.005492251840115255,0.004916312288316775,0.0044259821082145,0.006666858492733583,0.007283539054757856,0.006992100624631404,0.005475415568553651,0.00352586324417199,0.0020316356820733517,0.0031878579995041215,0.0069948263230779776,0.006358508718672145,0.006837655181709558,0.003560108591547179,0.0028204438167208634,0.004451427989964747,0.005508838306613787,0.0038439883253893093,0.00040245814133797004,1.2015262373192828e-06,0.00020496038965168737,0.0029454194404766295,0.00404907229809752,0.003906482173612653,0.003382871240239155,0.003505067157129753,0.004286170645378503,0.0011866395235583507,0.0041683852340820785,0.006539123849379746,0.005623851601353358,0.006068388163220709,0.00776337017040832,0.007229708589345482,0.006835591739300011,0.0029837508049822842,0.004204771756080256,0.003844692054244875,0.003166448960542776,0.006417154657637662
26,0.002469997341346552,0.0071388080798680635,0.007505881610144409,0.005032061166364483,0.004642030990105468,0.005888182307252946,0.004936635605457519,0.006237762026976077,0.00608808633272647,0.004435633317168774,0.004908809778087851,0.008460966809436192,0.007135949491552275,0.007384322102858511,0.004823204193785617,0.0006032005014311106,0.0031709292831017836,0.004517477576745872,0.003967164808487189,0.00565646609250963,0.0028920379181260583,0.005399660743349438,0.005178212952880162,0.004285363784766695,0.005445190009981593,0.004922476651212992,0.004586828051094446,0.007120803169200779,0.0075490859792085065,0.00723597918927389,0.005551242054750704,0.0037973461006316376,0.00266877497491646,0.0031809028573731965,0.007053672200672556,0.006729663450825767,0.007284986796203003,0.004280997271727027,0.0032541950793837015,0.005177601350156727,0.00564556437313404,0.0038125290437849343,0.0004145979001860655,1.3878251482752993e-06,0.00020093023716274576,0.0029686241176933663,0.004086962855357658,0.004408099424117086,0.004107267591599999,0.004112868736117663,0.004531669744690405,0.0015925532206313019,0.004268144194655459,0.00679366065023127,0.0067063587104656645,0.0067487251522133735,0.008238378540363009,0.007843193972165714,0.006843833041910383,0.0030431583286896846,0.00588642661660806,0.005311795287705319,0.0038716814235480435,0.0062175952435906635
27,0.003335216190841323,0.007130976152632897,0.007686549107287166,0.0060068692413243144,0.0048874864932355305,0.006512866575874186,0.005853071754046569,0.006244777780006979,0.0061171973962233835,0.00449125467011617,0.00539088979362954,0.008847097167084029,0.0073409759623428205,0.007385157267444118,0.005260549229702153,0.0015414951253112017,0.00340972101564629,0.004533400399443343,0.004042175785746461,0.00569909471513661,0.0029592272106581316,0.006142013510022239,0.005281657551640052,0.0043026267495919705,0.005446150423314195,0.004900307506014176,0.004926664187567083,0.008455427695065885,0.008840969898588655,0.008323060696082359,0.00626317825227756,0.0043319049392267495,0.0028118487755440366,0.0032199129092435044,0.007060830714348344,0.006868999223967085,0.007360201035523536,0.004843622810020303,0.004524693771351762,0.005463644682329467,0.005695515085549174,0.0041259162897726975,0.0006282896438332492,4.670246427213153e-06,0.00021228800975024004,0.0032779804057614745,0.004315685991556773,0.004363659820988457,0.004141624606444771,0.004530121657932902,0.004825818156869384,0.002070087380372724,0.004347791576621789,0.006953746334128992,0.007697551099737609,0.007024447238861517,0.008333513090238526,0.007685678541870722,0.006874316836924186,0.00317371207569673,0.006942452925596939,0.006841588349326973,0.0050869914839526825,0.006625429807134103
28,0.0031646929230805107,0.007303569603207721,0.007990402157679587,0.006586322637347242,0.004874063510548861,0.007269663759131599,0.006087518645417308,0.006472479699846184,0.006185045761608728,0.0044721270859156515,0.0061387299544489425,0.009157185660324718,0.007387083793568824,0.0074470960532851856,0.005582039949422897,0.0019396256303261872,0.004088930859067574,0.004713850399543988,0.004219520785304482,0.006063340840608684,0.0029336273673225086,0.006330742259503159,0.005367740451876496,0.004319008811698798,0.005509881150380039,0.0056963712429505455,0.005751673096510373,0.008840823852616388,0.009019945569110207,0.008795225903246679,0.006697106523112811,0.004427913861407032,0.0028957016721417334,0.0037433542258302347,0.007834131463991676,0.006998501657087638,0.007496494307436246,0.0053454133864078955,0.004762012309939015,0.005953093141567885,0.00665024595489682,0.004987195682556571,0.0011662899873246565,1.3133954071409332e-05,0.00026556344883814023,0.004079057056057661,0.0046309877533741856,0.004409986694144366,0.004266904307216782,0.004621716606435714,0.004827496950252518,0.0025162794299670417,0.004685964081058205,0.007012787391063724,0.007825771161685022,0.007072509923157469,0.008282833732046593,0.007850451223897329,0.007586099276378704,0.0034310854718689974,0.007003252094824009,0.007670124836541298,0.005846870182454311,0.006776564376006641
29,0.003622799220003809,0.007653018962818083,0.008029878062212076,0.006585288884856047,0.004904356228288871,0.007567952222017607,0.007447945538121548,0.0077233824668855745,0.0062867695261583255,0.00446949791283941,0.006437842774813258,0.010207778129862392,0.007808663065501558,0.007347453469801016,0.00575291808910242,0.0026813351629444756,0.004251069024023886,0.004702021993196312,0.004567256618253732,0.006502610867374154,0.0032876618033491536,0.007209849148038091,0.006587221158062763,0.005689538027098852,0.006119043078404077,0.006118345992352819,0.006561854117620926,0.0096920485112563,0.009062383940413173,0.008850414309457325,0.007272303421394301,0.00471371570229413,0.0029178986051693256,0.0042272450562569255,0.008364924238235247,0.00759330545382393,0.007670113323278355,0.005693209281470524,0.005569739403002039,0.007667913976173292,0.007233915723836655,0.00574828112119956,0.0018319577770536319,2.653436946608919e-05,0.0003528240964692425,0.004697946097049921,0.00470514438241386,0.00446191358336526,0.0048460956341018655,0.004894239253864173,0.005529710223115251,0.0033893991786979327,0.005701312768768566,0.00738867693807975,0.00785578964226243,0.007033999278146345,0.008240746581203863,0.007896220509368663,0.007945786464800828,0.004579350581090281,0.007354052326881083,0.008410732552650162,0.00598957285670796,0.006295810519637094
30,0.0045178561001419145,0.007729377487743497,0.008093956779307809,0.007178386635224219,0.005008670997460871,0.007832452993327617,0.00870999914667358,0.009104906955873803,0.006514007731725769,0.004753488974414936,0.006971250547442164,0.010509540213149853,0.007810251111224001,0.0073978667962338995,0.005698397247636969,0.0028051930884051075,0.004622822455980733,0.0053275031117599216,0.005031954188682099,0.007020077561025361,0.003938763634342988,0.007498442808402978,0.0076374062957748415,0.006925942391997422,0.007221018324369602,0.006229703920250559,0.006758480403002627,0.01021105459073695,0.009102337415473921,0.008887089585974164,0.007547997001694232,0.006291744899904982,0.003403550501941811,0.004493732565040591,0.008386129599942418,0.007706563496886986,0.007625803921650449,0.0057600591838579615,0.006118340962556057,0.009093637774217454,0.007660630543172538,0.006507412150035178,0.001870700283620484,2.754889423006987e-05,0.000572533096929898,0.005681929937208521,0.0049991632256274725,0.004474845412134797,0.004855341640823654,0.004976756019934645,0.005829885442145353,0.004135002221670212,0.006418709777252881,0.008089331079222932,0.007936488115893483,0.007155267997019437,0.008782964640696533,0.008146988906945754,0.008995843860429675,0.005029789672126941,0.007383773465592342,0.009134530772708097,0.0070118591157611945,0.006977906092400395
31,0.005129753076456617,0.007975927727710067,0.008260674078164032,0.00855441895438153,0.005956689975163868,0.008199510195140815,0.008846327867854576,0.00922361091600757,0.006603649981787586,0.00544213300123293,0.0073040388228050425,0.010611917193056784,0.007901155701145707,0.007349882036714007,0.005791421036990634,0.0027636207733310906,0.005212136236089365,0.006565714477554446,0.005536613555003191,0.007004034073351913,0.0044940657684426535,0.00768180104187913,0.008244167920325696,0.007079907927095561,0.007802009690947506,0.006474025964202918,0.007237581279877286,0.010721530401094179,0.009077609461976822,0.009669925703257587,0.007753289213578289,0.006960314665321842,0.0037733591220451023,0.005174054254922664,0.008508008273582082,0.007640266364599263,0.00766738079963639,0.006173393656175288,0.006459132712816447,0.009602519051311768,0.007992883957445343,0.00657122024012799,0.0019075315725697313,2.7331430825178256e-05,0.0005607834505375842,0.005897790814625803,0.005233177608773258,0.004448369347046376,0.00489682481361855,0.005700673023781997,0.006870728864666453,0.0048835697436171175,0.006921764042702785,0.008193452431745808,0.007966441291661025,0.007261655375028458,0.00913084957920099,0.00886846216713012,0.010178014283883713,0.005153003122768889,0.007376571374750836,0.00996028183094334,0.008850095331467703,0.008003910268242759
32,0.005219347640844076,0.008538565343124202,0.008234148139172368,0.008907329348994969,0.007057188630893568,0.009033041672603924,0.008941805629757554,0.00940076569832821,0.007023396229490339,0.005991995592693797,0.00778264929306531,0.01100593132621416,0.008605937982808962,0.0074336801948112294,0.005757670142471654,0.0028397288824903964,0.005879846457939937,0.007652870469505409,0.006053827599441671,0.00800710872911611,0.005037407150333344,0.0077980569036983595,0.00835144823917661,0.007193341631289562,0.008172455941595682,0.006718450576077769,0.008189129879834861,0.01143284480473094,0.009463590091394046,0.010434320747900018,0.008151508393475601,0.007014056501863544,0.003755458668627402,0.0058282087906506115,0.008848492526517366,0.00831090395134813,0.007834242349271405,0.00627502855237479,0.006669257717388784,0.009709611175206972,0.008754954535091166,0.007422851857502985,0.001976864007796688,3.8656155496026066e-05,0.0006831631053286384,0.006073816480517371,0.005518259313553713,0.0045363858852527725,0.005281235600978346,0.006982730051659354,0.007716888043598169,0.005478032760764547,0.008188164298370389,0.009513129784779984,0.00860833343859602,0.008529337802239289,0.00964819654491235,0.008854461858388396,0.01027771159111059,0.005328974505703313,0.007584552247527212,0.010182501548579954,0.009162063256464327,0.008325587554449619
33,0.006384302529685176,0.008815596187937043,0.008292030395909419,0.008922159550748151,0.007487088819998946,0.010696009024225012,0.00942715467099234,0.010156742726685437,0.008267467462853423,0.006927467032665201,0.008595595969666426,0.011565548012853945,0.009361377075588477,0.008580926686370033,0.00600922056807547,0.002849504334174148,0.006505648412952091,0.008580606558996352,0.007037226529876577,0.010179716978805434,0.00634657122363128,0.008869829374871194,0.008787636455165424,0.008859944776037283,0.00881178795359048,0.007617964763821109,0.009451837518031624,0.012217344377134771,0.009678693929119965,0.010953055166893858,0.009392167935573405,0.007332890361868074,0.0037291989869061726,0.005889060547548435,0.009005542514275301,0.008994160709224725,0.008219010237689466,0.0072393392196591485,0.007430606450866726,0.01010995842201343,0.010361189817715263,0.008647423065256524,0.0022122064599125425,0.0007611864159510501,0.0022381249014337135,0.007203868188253974,0.007081400948266874,0.0047730943375984235,0.0053429221915706855,0.0074229783391990215,0.0087869237041341,0.00563979446429627,0.008381904835204854,0.010471098016889679,0.009596159642254218,0.009282161340986635,0.01057567767307344,0.009575459787942255,0.010164940216669511,0.005931789681994056,0.008121127025652819,0.010644814002192145,0.009557688392297311,0.008749608346579897
34,0.007436875400283841,0.00961192520196415,0.00857687633039898,0.008916116604679414,0.007849564251976244,0.011711244597119023,0.010854211456797186,0.012528806571557714,0.00865256793120995,0.0075505052942783,0.009220895593155403,0.011922966798464222,0.009734047948179211,0.012775099341157828,0.007371331600549085,0.0035383178111923555,0.006771989087782194,0.0092736490580647,0.008733116150708643,0.011499631426046516,0.006426831475500598,0.009533748555014099,0.009233409521695957,0.009135262755393597,0.009042015550454852,0.008067880584974057,0.009714163454507681,0.012373379883614413,0.010385166797502446,0.011371219313081653,0.00982382342558498,0.007582260892500156,0.00412076130435905,0.006116301461183492,0.009422316529886478,0.009470052832971618,0.00873322031631468,0.008328120887350398,0.00799314049319762,0.010424006606024631,0.010874540477676371,0.010070287734992536,0.0031071622755715306,0.0018586928173714486,0.0034319650473268715,0.008227366566394972,0.0077302916625567285,0.005208273089352794,0.005335113478015521,0.008067399569481142,0.010121317706142923,0.0070355106799031356,0.008663182727256963,0.01068558767648111,0.009695510184118104,0.009762410709984893,0.011269443346614554,0.009696900925342816,0.010251230367833122,0.00618464337818634,0.008510979222326404,0.011586064539028502,0.011075187194338188,0.009232449679789359
35,0.00823681830131051,0.009915513504771094,0.008779892669940587,0.00943568206872231,0.008821841207525893,0.013852416493723936,0.01182827678131632,0.013470581166398748,0.00875535481473871,0.008111449200272167,0.011590785935815105,0.0140843283944713,0.010701795803133234,0.016216242431196935,0.00859261361694766,0.0038940922779298927,0.007549603669433869,0.011376800979445193,0.01114270567397034,0.013651203869291573,0.006763335961654352,0.010035688907094338,0.009308910355752764,0.009198144252507215,0.010072573775790223,0.010302915878006424,0.01007065218483005,0.012468687462823466,0.010608768712349009,0.011399309665207927,0.009961569005023162,0.008233263117786856,0.005312414954372726,0.006648992249926605,0.009531195476275702,0.009790508136099716,0.009833009125476681,0.008661866511079258,0.00801200783307434,0.010850909967318384,0.01195494440695047,0.010978585198673771,0.004198593425133229,0.0022588049242088554,0.004794848704255716,0.009021890012027512,0.007795298683951211,0.00571199550403657,0.005816194688312699,0.00928344721242459,0.010524638285361512,0.007957731135140712,0.009079779350201583,0.010640922598035457,0.009717480148250487,0.010131512986630353,0.011943244923456307,0.009751119448411701,0.0102646167028073,0.006232166778928344,0.009244992843974134,0.013008292711842829,0.012065525848494806,0.009873837581009601
36,0.007493504190340239,0.010538629544378415,0.009561388164676846,0.01019301236044062,0.010018007864259265,0.014244025017490138,0.01223341381004308,0.01415213470205905,0.009245546372142784,0.008648781770602965,0.012088564033836511,0.015318717094536529,0.011015206760105142,0.01711239126044984,0.009199778433673965,0.003915991038496253,0.007880374691137185,0.012288355448187842,0.011429543836740035,0.014105094636774316,0.007909367502009917,0.010599444298443967,0.009885231039099409,0.009588808227117093,0.010811820303365732,0.015486929952601671,0.011618879189162908,0.013492426726921476,0.011120295551363832,0.01141331665495629,0.009942151888722028,0.008731786515621506,0.00554716611301017,0.006767050652976383,0.00981434372918227,0.010298871398188907,0.012099500762038633,0.010258102410763551,0.008065318036097956,0.011846285250856025,0.013150925514490389,0.01192128650573994,0.0050533921542911964,0.003002632178222214,0.005669841861597986,0.009298273081873962,0.007776498677821764,0.005764536575117466,0.005940684911805594,0.010441507540433981,0.011183557539994464,0.008114589744280249,0.009142637639988814,0.010680799104246031,0.009753178404638067,0.010085402639403055,0.011924880442541325,0.009719116298862296,0.010716448374062172,0.006501420769912296,0.00981249892841302,0.013321923262829723,0.01242055689411699,0.010764880396380124
37,0.007464280494778241,0.01279590976638743,0.009989647417767308,0.01057598790869694,0.012128664342193203,0.015831783186076177,0.013216195119041648,0.015558387110465378,0.0095847093638846,0.008863809443593532,0.012625848209330404,0.01651026781991744,0.011266118623546649,0.017264345919956695,0.009954457401622038,0.004000963904743489,0.008157932163490218,0.013567237306919862,0.011739693379151149,0.014879221596885407,0.01030527109046145,0.011651543535275529,0.009973449130284081,0.009658023668817642,0.011450842856903712,0.016939440925146883,0.012838997295182827,0.014260668245008427,0.01198475305204886,0.011584103088439882,0.009915429054306627,0.008708902038287194,0.0055654485815032455,0.007264353777946148,0.010655548834863875,0.01080770103720011,0.012548653974741808,0.010844232223400316,0.00846310945278581,0.012081343816317749,0.014009775370305563,0.012497398000546533,0.005145132538702554,0.003445949346711537,0.006301969803433281,0.009517014051523378,0.007798876072684376,0.0058732995690274365,0.006452585237844641,0.011097177246780722,0.011628418014501119,0.00853775675589561,0.010460249614130019,0.010743400477718185,0.009725665400676323,0.010608312356493762,0.012129328430664207,0.009836922563914847,0.01117602073308834,0.006642633423027861,0.010347719709367202,0.01357349011548554,0.012601421163277459,0.012737303903641008
38,0.009334452298415095,0.014020326518972816,0.010326035523443352,0.010847577426121484,0.012989677690032146,0.01629632414071798,0.014297386360104433,0.016229036502629007,0.009605085516270716,0.009047501937797216,0.013901347906164428,0.016869917782941304,0.011999105145440437,0.01729614853141853,0.009964189151191556,0.004192866386589708,0.008938842087528215,0.014395010582929134,0.011974505276874006,0.01572076341972913,0.011675082497730636,0.01284268621459625,0.010107103488105394,0.009705628929432785,0.01212798665311302,0.018129870527562424,0.014290181253455686,0.015048584518663533,0.012934152377551023,0.01184993137884543,0.010023990788544147,0.008576588867163098,0.005672963977409375,0.0076144476985433845,0.011675930914441114,0.011221827123321865,0.013133278098535312,0.011022015567971197,0.008820796878666146,0.013332273255089209,0.014182991415917234,0.01253875540908993,0.005176261874137905,0.003523403607636799,0.006590504743557468,0.010005782487959657,0.007771028542856542,0.006566956882664124,0.007013448569445574,0.01146757742151977,0.013245394894913994,0.009483869708906184,0.011390088880147456,0.010870384063783317,0.009988014235104616,0.011662639162876534,0.012360940121856135,0.010144236208591027,0.011726086524151833,0.0067742757884929365,0.010855834870734403,0.013881390235799474,0.012626446371534658,0.013284287079524285
39,0.009957397776402938,0.014415685139417034,0.011420107003375222,0.012779393465426645,0.013150455824697848,0.016312882081707888,0.014661927236281043,0.01668398582081827,0.010272045457135236,0.00970275486238279,0.01438332004454035,0.01735223677157864,0.012069726227382527,0.01734940140470265,0.01058754392591752,0.005175932426785746,0.009063503915501139,0.014415885300408347,0.012101080692840804,0.017758960392031044,0.01356348328706857,0.013162825242980174,0.010192550006858607,0.009829841633012664,0.012920574276118315,0.018838669253785165,0.014713711763517755,0.015870373653891937,0.015194048350463675,0.013065578839523221,0.010534612883142202,0.009103669459885859,0.005690755044207294,0.007687322953116065,0.01195785016996177,0.011234636242369063,0.013796604557331994,0.011259395535852541,0.008908625600093265,0.013617117700617864,0.01415076806601537,0.012941165713637369,0.005966502829663561,0.004542790348992218,0.006862914430534011,0.010018782398788863,0.008353365644304837,0.007521958964604034,0.007498677164397793,0.011737204117424037,0.014136564044186842,0.010849766515928554,0.011765520358646819,0.011066662218900054,0.010482782737818698,0.012378218133880436,0.012386750322692219,0.011099746324599787,0.013373361042203376,0.007494344840817358,0.011401175026929194,0.013780502370343723,0.012789244389698183,0.013106384149884609
40,0.010172454223512139,0.014660754747177079,0.012749891330416745,0.014386830380205436,0.013238838938333294,0.016572792238491996,0.014987652456487543,0.017893617204263506,0.011807769318421434,0.010643096039172033,0.01490338141636533,0.018161539828872475,0.012258005336546777,0.01741300418557406,0.011035421126747278,0.006086048318055611,0.009167454654961379,0.014521517640558231,0.012106407645167357,0.01790138989223344,0.013686699472360578,0.013241737336000977,0.010188908641679387,0.009893274396952895,0.012879400734571665,0.018899271826706057,0.016025703846878254,0.01752678640224406,0.015582491325373352,0.013697136813844123,0.010993904897936852,0.009516693356920541,0.0060110199287327,0.007657425722593338,0.01262359651875928,0.011385004528532501,0.014076480721450091,0.011417467897712624,0.008942117279183672,0.013682265327268494,0.014583471192148076,0.013939136319823839,0.006607361080874797,0.004888116470143576,0.007304408724030555,0.010518825732644373,0.00882373041947485,0.008364079001710234,0.00958177633467097,0.012675271654959333,0.01432449028167717,0.011353065666885511,0.013374545924073064,0.011924859787362276,0.010530991526000219,0.012458847919114804,0.012425988194113209,0.013581905585192743,0.014837772646030518,0.007947942680741399,0.012096533115920391,0.014092332722257357,0.013682787119245605,0.013454356320078272
41,0.011019622969531247,0.014779639998174617,0.013701514826054525,0.015475527845545858,0.01357643377418604,0.016964772603986645,0.015463045750383483,0.018582054190009842,0.012726160734056555,0.010938620676611591,0.015163354016937837,0.018592891431472424,0.01329696635094898,0.017637028316939106,0.01115812751537245,0.00628403152739326,0.01025197178246392,0.01566909506904178,0.013107105579248695,0.018583978481371607,0.01404103603425297,0.013807700925120242,0.011321892663365434,0.010115138831604956,0.013096353777813652,0.01924873482552784,0.016987713007385413,0.018316629440154802,0.015744578472027197,0.014166268145993519,0.011483569448449782,0.009643964496671084,0.005957051812677233,0.007813096372418811,0.013018059886533812,0.011502109762151838,0.014729755954135084,0.01222115055292751,0.009263414782376538,0.014247568848269023,0.015809856759933724,0.014796256245611702,0.006892847522467115,0.005078922951913444,0.009274683860297905,0.012175106638138158,0.009012475531675616,0.008543971129723915,0.009925089752704367,0.01267881703972987,0.014556730358971651,0.011905072917162998,0.01420274293356581,0.013033594617074616,0.010551512609416044,0.012370739788614131,0.012411064494708024,0.01380973529757571,0.015010537443921258,0.00812095310128957,0.013357390721772913,0.015282977920738763,0.015566334206869753,0.01442077623982927
42,0.011184161022389227,0.015232827592306188,0.013782247714871802,0.015594295657444312,0.014056465372739736,0.01710531504190011,0.015497465712949722,0.018721074906338113,0.013531795343618626,0.012192028124682272,0.01715401851561284,0.019337828542550416,0.014180982074660974,0.018342962863593965,0.013216255247690855,0.006752814020624633,0.011386513392287812,0.01653651224409618,0.014246073018339207,0.01892020919255471,0.01475905317504628,0.015094367205236249,0.012035457221239288,0.010154094787440273,0.01383642655193551,0.019400107707982173,0.01716914870542614,0.018861009493018326,0.017530935669109536,0.015032408825767968,0.01246235477453429,0.010172708618737116,0.0061953807723655755,0.008787446864683836,0.013476785843130466,0.012226228710748074,0.01598092360590364,0.012817028245997068,0.009468417436431766,0.014779767368996437,0.016257693716256197,0.015547411345913614,0.007019971061830213,0.006070981874986309,0.011826123913059438,0.013246435423796964,0.009658084480337354,0.008691011805934968,0.009901611785967747,0.012861201672170296,0.01512901726528074,0.011943321715117222,0.014438290476724425,0.013414177434901529,0.01062910437668701,0.012884852754839811,0.012725534490544725,0.0138176528891691,0.015047724296127808,0.008404496670352136,0.014978895177049518,0.015808359661187113,0.01620253962506767,0.01466503444767608
43,0.011559115790785363,0.016177216731622732,0.014499581820469072,0.015619014425303095,0.014172324105637277,0.017514986309950548,0.015631567549437186,0.01877407421712395,0.014195624135773657,0.014778870426773135,0.019003928973675317,0.020661875509137992,0.015357404810452686,0.018668742931507963,0.0144134527917497,0.00842815346144442,0.011889517505709676,0.016931579902370632,0.01593275253095037,0.02042291754232666,0.015517239854057011,0.015254903509203988,0.012269228086957996,0.01034584978602932,0.014151959843817556,0.019987892782599066,0.017280752385107883,0.019460266896222586,0.018509153483502738,0.015443367905119108,0.012564517629032788,0.010373218829458783,0.006613225242134004,0.009320665899354619,0.0135034929299593,0.013192533331931273,0.017435664511909428,0.013291134993270441,0.009522389471126613,0.015520394402523015,0.017510674881891272,0.016707323561038705,0.007533278994227991,0.006943235526606509,0.012213372949363206,0.01327735149877211,0.009677868705638283,0.008806138633306253,0.010004476920361983,0.013669374872867202,0.016247731394945078,0.012317150544519699,0.014878434502976164,0.01357467369957261,0.010967997753821207,0.013608998957393186,0.012992005372838802,0.014365294946090155,0.015483019610520631,0.008392851601545386,0.015115598385177877,0.016535165596677375,0.016653611939225144,0.016156857562349452
44,0.011532613272766841,0.01707626097968818,0.015406240613694264,0.015926425010679566,0.015399542935586433,0.01815595431843335,0.016274192010638296,0.019038269775635427,0.014884341388915538,0.015996470213976,0.019756339755227406,0.02101987930257438,0.016176257438896616,0.0202825140700469,0.015516954046557266,0.008756034630096304,0.011896291152831969,0.017217585479196405,0.016845255127819224,0.02196666979986063,0.015814008937649983,0.01529074038354463,0.012466280097233991,0.010913669165740464,0.014312928442765141,0.020286129413792733,0.01756124186016181,0.01983690619325204,0.01852724975772652,0.01548246313875403,0.012503731387248272,0.010337581978330892,0.006944433709495825,0.010443990554676425,0.01357592569255548,0.013204078469409086,0.018274837789254258,0.013940020749498908,0.010272064346577195,0.01610301001156948,0.01842769821573772,0.018461176237949656,0.010088671794548497,0.007988100374728718,0.012432587054129758,0.014296891553241207,0.01084027974598568,0.009014837835260957,0.01024517167097459,0.013816507562255673,0.016375347586400073,0.012573894367197296,0.016130046085734935,0.014126484417568811,0.011542279735957383,0.013712553676089713,0.013725110671195737,0.01454635090717111,0.015650918858256434,0.009091201960404718,0.015252281674145104,0.017284729981049317,0.018558834686600287,0.0162041135105032
45,0.012030358885504341,0.01801369865911725,0.016998440002519308,0.017337116108717323,0.018713385712520764,0.01905605924199412,0.01726872685386253,0.019300093390895265,0.015793030883521648,0.016575219981355138,0.02054458437274836,0.021405928734922544,0.017361989795885432,0.02277890942795674,0.01716295052387585,0.008953435587509622,0.011976561377208601,0.018225210593970673,0.01786441016407297,0.02265765682185765,0.01651868769822219,0.015373971943306357,0.012503152247763409,0.010998875389360688,0.014883818205620566,0.02096941732240147,0.018384720688752663,0.020128003151940865,0.018461473481112593,0.015447488548289388,0.012540829700900605,0.010288385408201184,0.007165608132788365,0.011012215493832515,0.013573368853826805,0.013262538591620248,0.018923067366479453,0.015034747638827652,0.012057241879515988,0.016609141605816453,0.019966168058281327,0.020373409416885552,0.01077470543253678,0.008643944063688125,0.012694149313435286,0.015143173935697593,0.011455101645353821,0.009885920010902445,0.010930110449674613,0.01399856405623251,0.017362646238334254,0.014849270651642519,0.021262733909888906,0.014465494731335179,0.011618192045306851,0.013829750683201263,0.013795206087412547,0.015180973647962961,0.01573659677379312,0.009835881191213654,0.016126359170861353,0.019084540521275176,0.020271319733097325,0.015741913940441984
46,0.012094166408208505,0.01846486989515636,0.017227963247261634,0.018947455010682547,0.02132261069184714,0.020670769044511334,0.0175250124937044,0.019236490368777517,0.015982961031188674,0.01772525518556685,0.021010854680946947,0.022774873639448977,0.017994160684109414,0.022890227773593213,0.01763224484276881,0.010820651514974569,0.01268270317804722,0.018710273705574768,0.01913799828946167,0.02367911292699868,0.017246322798760247,0.01547314034410438,0.012971846689844392,0.011506664903510978,0.014942286051578104,0.02171504912264223,0.01885541873561872,0.020203246982601446,0.018500166896634373,0.01556274020887634,0.013045885758392165,0.011301766252488112,0.00729517976031986,0.010925454612546343,0.013612696400019232,0.013224973656572821,0.01938722587097613,0.015680509631932696,0.013332709047185705,0.017070620947350207,0.021019198033750776,0.021157570770167278,0.01175313647962004,0.009509792392794784,0.012915898003054151,0.015392009791864563,0.011664912539743465,0.01031540867847327,0.011816619634968741,0.014468896916930471,0.01990977153365809,0.017576313041312668,0.02275555143634414,0.015093715532372525,0.012390575332052772,0.014919349112652691,0.01437021570024398,0.01671430795181846,0.01588434140222349,0.011131326402711108,0.017315009915491196,0.019710757319471993,0.02071572954897528,0.015938877681922353
47,0.013315413785175262,0.018858723351157083,0.017200511283513315,0.020017208125291938,0.02418532019333451,0.022374252022820198,0.017693719583450077,0.019298658950761327,0.01604732680663632,0.018808619947308678,0.02288909389929236,0.023774177173369743,0.0180745084892945,0.02285021336188139,0.018044249433757802,0.012547091763834967,0.013620330265877976,0.019283836510113006,0.020249611818004287,0.02431136776159421,0.017233124126569254,0.015558760082336764,0.013791222684541986,0.01201984543835078,0.015039357039675473,0.022144017718875704,0.01958783655693877,0.021023058023117592,0.01934604385678691,0.01636590282590375,0.013680331556253793,0.012780577031279917,0.007762697694182829,0.011001908262942941,0.013832016947076258,0.01374173559676346,0.019923644985952508,0.015924664832866246,0.013367060811518363,0.017181918410553377,0.021402662713584295,0.021186948177479,0.012302439701197215,0.010257867161010579,0.013721801284178454,0.016171355004143993,0.01208295640296729,0.010900356377555669,0.011869692001770456,0.014691367514742279,0.02007535595147204,0.018367519460913605,0.02364303138769093,0.01630843564315155,0.013622964887702947,0.01683430727702332,0.014911623901524113,0.017787740515294546,0.015906358936591255,0.011377077322892254,0.017704473114849885,0.019742270250783248,0.02079754786989858,0.016735430097503248
48,0.01415050990251766,0.018902066327176944,0.017078761891106242,0.020616279603595525,0.025797245173415487,0.023944809807148082,0.018732231623671193,0.019289973473464696,0.01679189276096703,0.019451630376072948,0.025966110213645713,0.02573944390264637,0.018216130808294092,0.023101250376466296,0.018276605430104835,0.01335440982776791,0.013941402990787465,0.019948033685921497,0.021007471760057378,0.025150751042454535,0.017376943457268722,0.015531486765974377,0.014587315411134328,0.013704688892671069,0.01591886812074909,0.022649092181511628,0.01986617244107516,0.021419817807129923,0.020144937622837537,0.016466754691857554,0.014536796711928682,0.015744840670033667,0.008739841394750012,0.011238236290564637,0.014436299398459694,0.014460359653097079,0.020276971019496513,0.016334732787635333,0.013422262538167707,0.017608108979788335,0.024402792148758817,0.021629591518309954,0.012607394306953557,0.011924136944731913,0.015484562850275425,0.017576863782471273,0.01248773646538532,0.011426697750325496,0.012028084071705077,0.014684017848009682,0.02037416466389001,0.019463355492854398,0.025005875559091267,0.01782936452309448,0.01663598844688645,0.018874041703254657,0.015371877569856784,0.01877793716027204,0.01613620258642912,0.01141004351557276,0.01775201386485559,0.020919830275951685,0.021160642788683192,0.016677077704143076
49,0.013974158053304393,0.019700229805005888,0.01733708963240149,0.021124917009176927,0.02682280440899694,0.024977401419100854,0.019222338880004575,0.019364171134094,0.017206016042639757,0.020265638313513582,0.027745988223722783,0.026220479700698344,0.018213411384397502,0.02393603025065331,0.019657361388763932,0.014323978088511099,0.014248153485746403,0.020030204470085546,0.02157731570618465,0.025352924397545797,0.01734807047680156,0.015871249252387767,0.015932710305430368,0.01456109755371828,0.017055709359424586,0.02351193792181909,0.02021578125312779,0.02197554623665589,0.020486115402595637,0.016841969988629198,0.01650120925233993,0.01683914218083662,0.009376812031283183,0.011847366886263895,0.015602504466932426,0.015445275304637341,0.021433379766629027,0.016708436850827887,0.013475675143059541,0.01781805337146073,0.027383752452555334,0.02227723668397008,0.012611362092235415,0.012311884442888546,0.016310911990155157,0.01840031222910781,0.012934965682025347,0.012060062029884352,0.012170071951976051,0.01470156591653965,0.02103194686967101,0.02112987148702036,0.02589181403794119,0.018417514511447533,0.017714522693274865,0.01947790788781806,0.0158597156677258,0.020055420610427394,0.017279604587332964,0.012542566190181537,0.018040037574330408,0.022037508581680687,0.021445270324763076,0.01643046196933309
50,0.014363861420323051,0.02043210439645991,0.017871661940394756,0.02363770150421754,0.027689180597818167,0.02551844091962343,0.01956184582623015,0.019596100792262455,0.017811894401169436,0.020416482635911073,0.028086521860968584,0.02612035287298431,0.018238483670297862,0.02447595751980934,0.020811128770304842,0.015296374429708501,0.015481742322844588,0.020379377305858665,0.02206087443136206,0.0256606745446577,0.018437087108835598,0.017083604006671783,0.01799872255070387,0.015980688989627283,0.017759651850774435,0.023543702259265258,0.020296184140287277,0.022315562308876217,0.020801332168711557,0.017460917435322756,0.017132098819351044,0.017140329001378695,0.00972541133187255,0.011922986029514982,0.015989652753166394,0.017030552445739165,0.022628323212074895,0.017600507771384444,0.013635247593635188,0.017875864256876695,0.028270570896502145,0.02315114421461924,0.012758424333874512,0.013192684765245148,0.01775960371044921,0.0194449840621057,0.013104649075085942,0.012034302082348201,0.012210939931777059,0.014668931171639317,0.021792305312357176,0.022311187358785862,0.02684248048467735,0.01887725613356545,0.01816924952726405,0.01970432586138308,0.0162627949781722,0.020963727321261044,0.01772862822192696,0.013232317271938892,0.018137468343457055,0.022390385175981797,0.02211899253769449,0.017287466038186823
51,0.014328540401971058,0.02101605736315694,0.018303187137848387,0.026109019280258383,0.028605651740690623,0.02640072539902047,0.020809365593474863,0.02012845696040348,0.01808551336593392,0.02040553241306981,0.02811082985129248,0.026315860853975734,0.018262034610319895,0.024482288345049813,0.02090057052730721,0.015474132569873143,0.015986048618559512,0.021071993680181186,0.02412227515721,0.026484582226682943,0.019394115939778467,0.01810147583941526,0.01846691004011231,0.016650242961568813,0.017841898714206786,0.02381911900757287,0.020444892301300026,0.022903114305389057,0.02346257281880062,0.018226656560241285,0.01801212863115478,0.017455884269585154,0.01044559673463991,0.012788345897628943,0.01714491602060752,0.017330332315072472,0.02283395112230778,0.018455220229494397,0.013815464805103119,0.01793114068385057,0.02829182496399931,0.023232616983340088,0.01341576627323917,0.01565792359156424,0.019171775026888896,0.020498194067798514,0.013343337557795596,0.01288080976603586,0.012693528979900282,0.014797611806669726,0.022002401765716863,0.023235128800142384,0.02690946095157891,0.019031682188834845,0.018300696845700622,0.0205406073620864,0.01689788539785298,0.021063246266808965,0.017746610175782863,0.013240622710817418,0.018278886803536426,0.02281727008136302,0.022432565560837482,0.017712951445929766
52,0.015210351883183388,0.021749008371368297,0.01941859976772806,0.028646336040409594,0.029454745332923173,0.027390682168632316,0.022565319014412222,0.021068366756125653,0.018457754164554672,0.02060277307207676,0.028571291064247745,0.027304879095428364,0.01878719411206163,0.025108326626128944,0.023107884245229825,0.01730850828067436,0.016084862878805888,0.021253715800542923,0.025965374988946133,0.02747085008073792,0.01968520611744118,0.018644531218152065,0.01943861453087719,0.01816721361739428,0.018250956596474716,0.02515344717985888,0.02069246645393561,0.02313673053313002,0.023842961656371897,0.019687059898938805,0.019378683956064326,0.017611273795195753,0.011121095967533811,0.013234960389975091,0.01785510740575744,0.017941319562243485,0.02310620738408725,0.01855125564910526,0.01379144800740255,0.017922834176578216,0.02863397000447935,0.023263951176882375,0.014138569784179558,0.016402006280812977,0.01969030840142651,0.022028631680727766,0.013614942194545399,0.013652177835278915,0.013706970457176504,0.015408353075494974,0.0222207746974266,0.024411204563454157,0.027891009173633224,0.02021633803783405,0.01825696649760389,0.020641863199892283,0.01728826440641015,0.021221719785024535,0.01776228694145266,0.013703284567821243,0.01910396658911897,0.023085640239988176,0.02321036891550106,0.020363666717366696
53,0.015059872383383332,0.02272487031926191,0.020131602399626084,0.02942517921363173,0.029997064246386144,0.027887179506776646,0.023297407582693642,0.021679476894697704,0.01979135395111626,0.023010743655173818,0.02978719238165012,0.029422470641936864,0.02060763614943472,0.028000267217863473,0.024834066756872206,0.01909669127103555,0.016658416260372972,0.02136816408700248,0.02749322577020298,0.028403430105204068,0.020597390207162995,0.019410609440547788,0.020649810046280224,0.01870360053467922,0.0189597625035451,0.02644139070465932,0.02225403761922002,0.02391911390720416,0.023909607179587462,0.01998393057652097,0.020320837847366165,0.018039706215287225,0.011745777762226255,0.014275085432461539,0.018665548226391895,0.01915851263193306,0.02342590533672888,0.018817323080561374,0.014252102643406993,0.018313522595667812,0.031105257907011602,0.024383083897820554,0.015088418749088324,0.01696604553886467,0.020069746384526695,0.02214186684230681,0.013901553637661348,0.014548935088221129,0.01487622097136758,0.015615366056506912,0.022304555834538168,0.025254896924253277,0.02885516077688128,0.02106964873499163,0.01849617223537932,0.020655953903183515,0.01774031700531324,0.02142058721620037,0.018810128402212092,0.01423247309694867,0.020943040414102148,0.024310165810773093,0.023971466787049436,0.02015228974819529
54,0.01544781609022338,0.02283525857021109,0.020665605762569088,0.029918234871491516,0.030370562558301034,0.028135647703230564,0.023565597120231305,0.022137554256635092,0.02045884237369809,0.024156851892597846,0.03107798501203808,0.03024336808465569,0.022358443251581303,0.03042645759222157,0.02537729428855412,0.02063209582292897,0.017352154975377752,0.022229905264365545,0.029473351542383945,0.028872932725803078,0.021111995697222666,0.02043597162466214,0.02144922755177365,0.019300571936346027,0.01934820727388346,0.027025993698115643,0.023376459715729304,0.02389590992694592,0.02397015166843582,0.020150846662656454,0.02140966914883111,0.019619514202053843,0.013053409908690165,0.015647272340667873,0.01910232117787555,0.019522765822082667,0.024384885281866057,0.019759149227067653,0.015315821117944705,0.01900041382722951,0.03188271508760729,0.025304209987180484,0.01572568864106467,0.01822887109609516,0.02148587069377528,0.022894410254098347,0.015614746875660503,0.015871015613573753,0.015420900731489894,0.01558265238464878,0.02264188337937966,0.025875132949415732,0.02897600455743575,0.021075262827942275,0.01865022642838333,0.021317865784320395,0.019123524466088112,0.022985613852438424,0.01965679827869479,0.015176692648604818,0.02157727132269322,0.024700816376798253,0.024114817605680322,0.01990314293541286
55,0.015498356613872577,0.02289304511133462,0.021803147992201004,0.0302859789530092,0.03085783132775611,0.0283835903554084,0.024868920322885013,0.022597474133527196,0.020815620083673634,0.02458807995060694,0.03127139338894975,0.030883097335465435,0.024139409566751955,0.03160180348743888,0.025959445243558345,0.021003889814549394,0.01805372152667291,0.02276071615861383,0.030667850428591138,0.029933906352077745,0.021640550836410703,0.020960283903147598,0.02221530003968232,0.01964282349719109,0.020450195278113106,0.028128376174330536,0.0243413525244953,0.023956621626836722,0.024089528768478884,0.02038416873060393,0.021983635896417157,0.020960802249255023,0.014244177824066524,0.016863154964828906,0.02058827148087053,0.020003505423221747,0.024680555179658593,0.02127299608074281,0.01705942087659159,0.020128533195695804,0.032308288899506946,0.026390249971259494,0.016416344459782815,0.019075054618444897,0.023277102068505605,0.023529801875059493,0.016636162521659413,0.01658738119000472,0.01643666087020136,0.01607059909164875,0.0231826131445067,0.027329003511078403,0.03012219092809465,0.021363461076230307,0.019666321532208247,0.021725645017714398,0.02092947277408263,0.024150802818935255,0.020415893087182384,0.015585886805574631,0.02206839735046001,0.02528620740344155,0.02421534884389241,0.020563980144993176
56,0.015167037034267935,0.023312575008413963,0.02219987067695162,0.030401052648179914,0.031080604967689825,0.02880680530431955,0.027624030114442973,0.02391515981020936,0.02176657237313334,0.025668452036049862,0.031907972531777,0.03134635415417759,0.025882153526641447,0.03248153444179744,0.027720773395751873,0.023413330361873586,0.018400326215716578,0.023100644436745026,0.0311030282569436,0.030107233693235178,0.022298294931413606,0.021542363021156904,0.023809601196769357,0.020352326534274042,0.02165036025343708,0.02924751916673428,0.02492825170141302,0.024476394677694108,0.024832868991121276,0.020656695896919614,0.022860310024872103,0.021736651271590607,0.014443332203578223,0.016998029488240113,0.021952554207821884,0.02124634220329419,0.024858513368789237,0.0218194283772654,0.01774602221375484,0.020324946771488175,0.03235815170629562,0.02715420418404296,0.016768062417216966,0.020351779069353225,0.02779244844815703,0.025141948964163746,0.01675403054894094,0.01673245499535193,0.017569859509710274,0.018206665315601014,0.024606255821132843,0.029145890041202514,0.031039990570864737,0.02272033676078765,0.021343912169015326,0.022234579444794178,0.021347738640192508,0.024257594648252525,0.021314520675129175,0.01699894186048234,0.023334620260416137,0.025673778011127642,0.024714904955635927,0.020371069882785385
57,0.015478280454815961,0.023638406224540588,0.02314993488088113,0.03058139752116179,0.031099712058528933,0.028835982442409903,0.028557595843470784,0.023968098782210453,0.023139455319455833,0.027804823831867644,0.03216777634207604,0.03216708446609295,0.026434226417621852,0.033076372454110214,0.02895320618257393,0.026076878247346374,0.019143790763664435,0.02364575134145493,0.031514876149776494,0.030280348710949104,0.02291481620838724,0.022119257764116215,0.024261417814262703,0.02070145926487097,0.022867049689518422,0.03067858450559264,0.025770953087124765,0.025133557024622194,0.02491860109297038,0.020626974284317742,0.02342701388656645,0.02206118676306654,0.014441566289271703,0.017030208644924584,0.021983615092455736,0.02213470171441989,0.024906265896138778,0.022050962277567716,0.018555236880896473,0.020850392160929838,0.03247265230687796,0.027472435791464064,0.017804429688370538,0.02192439072337505,0.02884636463960045,0.026552130211696823,0.01772650464426358,0.017951030258150005,0.01820424541266055,0.01871627964744001,0.02616486367775161,0.033130124773795906,0.03143380504494625,0.025000430519986773,0.02354048890891239,0.02258888767871155,0.0219134311224986,0.02525185070968245,0.022865330810967983,0.018288001717878137,0.023719342649868167,0.025770984466260777,0.025652502950278523,0.02430401297969351
58,0.015347191615373717,0.02535366901486013,0.02434706775494644,0.030971225414855832,0.031119960379446684,0.029004082039504723,0.029281742725288,0.02415752749204611,0.024350610757119865,0.02968031691446514,0.0323606179193376,0.03236028857839198,0.026626484384876668,0.03343423254975214,0.029075112320393767,0.026388700304326183,0.02020853390066784,0.024222922928848232,0.03233024185189433,0.030836175081964578,0.024912017598668373,0.023657958509675628,0.024486772344386495,0.021028124567225543,0.02337825946586846,0.031249645706191296,0.027371282677903938,0.02676516007985471,0.025325145795613225,0.0212331654226235,0.02425785629710808,0.022682924312109096,0.01484636589688209,0.017972555051227152,0.023001348491590953,0.023129679630257513,0.025693935336310435,0.022929276881573528,0.019983516100946976,0.021541456491384215,0.03253316022362719,0.027902606507604674,0.021598382651816284,0.025596404531243334,0.03127174318624827,0.02681233703347241,0.018240353826289114,0.019293294425670203,0.018558393735527437,0.019548778718430276,0.02747776959108618,0.03513782801813859,0.03277853007024311,0.027301222991090966,0.025157674497485037,0.023504942326750114,0.02277293716692487,0.025821508130893907,0.024399267928984066,0.02003550101793024,0.024959851444774007,0.026589889256716143,0.026473734906962594,0.026736617676452308
59,0.016452966872671167,0.025855858095786388,0.024438258702886188,0.031254735435029615,0.03171847203410898,0.030673421755046566,0.03172637647198512,0.025134335416787293,0.025578223244010073,0.031644796289199965,0.03288446344820761,0.03336816440184514,0.02754525809063577,0.03420718604929454,0.02989754366486249,0.026977434840950547,0.02200139588864563,0.025884970011820323,0.033020349869905256,0.03169349719648407,0.027788864480751484,0.024575818977762134,0.02457983450147746,0.022093318809128203,0.0242873971028263,0.03198439097284727,0.028907644164218545,0.027992279599844787,0.025791521313909813,0.022233168897060736,0.024459110120655103,0.02304939573618918,0.01619167209383797,0.019358533504726844,0.02391910936539498,0.024552763630885512,0.026631400664441515,0.023328318928635745,0.02062218739431457,0.021671293323332626,0.03411910929375847,0.02897882244522195,0.023587430547344423,0.02709389682934399,0.034838734692556814,0.02769828510623506,0.019489008313461852,0.022954016621927156,0.021624036679082696,0.02177201908540436,0.02749107558983924,0.03537389748181387,0.03372312526219982,0.02835135339292665,0.025607701962133054,0.02440973414404366,0.02377290222776013,0.026046261406172784,0.025145354685220347,0.020863512566880064,0.02624149898078576,0.026920409546009036,0.026963024415766063,0.026963730897321077
60,0.019684777504906308,0.026807315019658502,0.02505580006669583,0.032548797313398374,0.03337884127439593,0.031412548849425695,0.032342378942990246,0.026421812742202726,0.026736469546676352,0.033965151099462014,0.03399890205177411,0.033759580830852745,0.02798360916558837,0.03505216991687823,0.03054726594392852,0.027454811712086375,0.022524060464460295,0.02786864925386945,0.03376984078985818,0.032388720256070654,0.028740231508695174,0.025765271951017812,0.025207428558398918,0.02286013278127993,0.025388873186471605,0.03309776088100211,0.029917609818317224,0.028336191378202105,0.026985850348949784,0.023974159589176654,0.024953270006678456,0.02338781276571833,0.017247487388411253,0.019659700491515608,0.02508512995787774,0.02709128875225399,0.02755778576319922,0.02389749740193981,0.022529648275256962,0.022546340119925,0.0367412030632731,0.032306777820636484,0.024426835139741202,0.027346535347035225,0.035542294412085174,0.028403413288143595,0.020504346700270785,0.023619396892577298,0.022593603915614102,0.02312686656944758,0.027992856600840922,0.035664599892411226,0.034340748660244724,0.028884811208795914,0.02575785180666696,0.024957421459174012,0.024877669827741224,0.026222641012515202,0.028125051999850752,0.023173507121617486,0.02727404558342115,0.027060310935474653,0.027219770201012856,0.028748092499473854
61,0.024595811495388704,0.02803198559454287,0.0260273662005645,0.03278744588941644,0.0346233436069482,0.03229332907092619,0.03337242593758546,0.02819365521775339,0.029155399301083452,0.03493957287892088,0.03487752882433802,0.036533942492501296,0.029911874277451643,0.03555124119649696,0.03073218936432945,0.027923836775204568,0.023219446856354953,0.028406663614462487,0.0343461896163099,0.033245088930978384,0.031196285461588806,0.02704789194895192,0.026146437374708353,0.024032542398661955,0.026678987818477762,0.033861790573136596,0.03178850800183835,0.029311786236464785,0.02778958122973481,0.02597104499436184,0.026324165491210794,0.024101677395996442,0.01857559517248924,0.02051642049732932,0.025777055243142208,0.027982524860065167,0.028114123664552293,0.024455816635238842,0.0236421308610771,0.024113821432469994,0.03753338897310812,0.034650651399540836,0.025556866976997376,0.02824285547971767,0.036781120166535806,0.028780892766902683,0.020909965665733228,0.024514613491414393,0.02318305159491631,0.02392564083568759,0.028373862999532005,0.03570227445463167,0.034899510244692594,0.029159452566567556,0.026182246592659615,0.026222657876428804,0.027521569221399617,0.027724602455790386,0.0294800719725513,0.023842083357860536,0.02824933359868083,0.029232738826108648,0.028329965203996034,0.030611991694572002
62,0.025728505297647378,0.02887974535664161,0.027057949517220715,0.0335271062806081,0.035998469507165294,0.033247527370822344,0.0341907711960176,0.029601716689455264,0.03318834634275096,0.03566709919054644,0.035672956077952046,0.03849886311093947,0.03264466926714535,0.03728646527782818,0.033701133407558925,0.029172693218573294,0.024743890592515014,0.030316352820997323,0.036911962888382874,0.036110052977287685,0.034284581095957195,0.029576441639299577,0.027164974624139693,0.025525903151859805,0.028432484878130423,0.035759270560227194,0.03345975466132477,0.030600746311950925,0.02847950092372837,0.0275182329238111,0.028917303709694177,0.026518137999806936,0.022604242694952776,0.021618048541402448,0.026512871125153818,0.029150498830843922,0.02950973089816819,0.025994481619912396,0.023950202370574283,0.02579489106163987,0.038921350989033425,0.03695478070286834,0.028455101697300426,0.030254770318122175,0.03834637847586164,0.030544842517236163,0.022226100580346148,0.025746257652269587,0.024360059713082048,0.026147772260810574,0.029950731432149137,0.03637951832169434,0.03618724999823224,0.03015180980791589,0.02870646168561732,0.028831545013869427,0.029778473982346645,0.029771206932829686,0.03151911971939324,0.027402418637228552,0.029824642344419734,0.031406799559401566,0.029170108539665437,0.030193267532761556
63,0.029450316775055163,0.03255517299176802,0.030352607760049756,0.03570467615718867,0.03798825590583282,0.035346157871927915,0.03545982318615982,0.031709073908334606,0.03450323367340245,0.03628226316991018,0.038565086308262234,0.04029976463711291,0.035883644701986045,0.04003776127532963,0.03753358218538764,0.03278033246764256,0.026748753837108823,0.034205845923368894,0.03891847064692533,0.03863998508207531,0.03679926928544732,0.031221739339831866,0.029196994714959658,0.028888647042688176,0.03089794942050426,0.038152912871483875,0.036794249370370354,0.03354851388658258,0.031174362978109934,0.029166937289791577,0.03140147181431314,0.02835963804833848,0.024396580234800153,0.02408622290761811,0.02820737753604469,0.031517843836506604,0.03188248136215246,0.028334268353368438,0.025377076605890315,0.026940742435296136,0.04039679121774907,0.03811237857938181,0.032042394045117495,0.03311043873474964,0.041631316024741606,0.03284563833909208,0.02603852836453813,0.030075814749960305,0.027697748280502685,0.03222174965173934,0.03363969993057812,0.038914485197271496,0.03893021194650625,0.032651229175580186,0.031083301510285807,0.031740033445783904,0.03219713522963336,0.03232598497142526,0.03422302007864823,0.03267765247390562,0.03202250853406467,0.034007821690027175,0.03158208657476534,0.03200545673976979
